Ultra SoftWare 3D,title,version,projects,version_projects
Zb,Zbrush,4.8,80251,0.5981233878705561
MD,Marvelous Designer,7.0,2567,27.269185820023374
Mr,Mari,4.1,754238,0.054359499256202946
My,Maya,18.0,5621485,0.032020008947813615
Nu,Nuke,11.2,32571,3.438641736514077
